{
  "ask_services": {
    "precision": 1.0,
    "recall": 1.0,
    "f1-score": 1.0,
    "support": 68,
    "confused_with": {}
  },
  "ask_salary": {
    "precision": 1.0,
    "recall": 0.9016393442622951,
    "f1-score": 0.9482758620689655,
    "support": 61,
    "confused_with": {
      "ask_complaint": 4,
      "ask_leave": 2
    }
  },
  "ask_it": {
    "precision": 1.0,
    "recall": 0.9230769230769231,
    "f1-score": 0.9600000000000001,
    "support": 65,
    "confused_with": {
      "ask_complaint": 3,
      "ask_leave": 2
    }
  },
  "ask_complaint": {
    "precision": 0.8192771084337349,
    "recall": 0.9714285714285714,
    "f1-score": 0.8888888888888888,
    "support": 70,
    "confused_with": {
      "ask_leave": 2
    }
  },
  "fallback": {
    "precision": 1.0,
    "recall": 1.0,
    "f1-score": 1.0,
    "support": 69,
    "confused_with": {}
  },
  "ask_leave": {
    "precision": 0.8823529411764706,
    "recall": 0.9375,
    "f1-score": 0.9090909090909091,
    "support": 64,
    "confused_with": {
      "ask_complaint": 4
    }
  },
  "ask_procurement": {
    "precision": 1.0,
    "recall": 0.9076923076923077,
    "f1-score": 0.9516129032258065,
    "support": 65,
    "confused_with": {
      "ask_complaint": 4,
      "ask_leave": 2
    }
  },
  "accuracy": 0.9502164502164502,
  "macro avg": {
    "precision": 0.9573757213728865,
    "recall": 0.9487624494942997,
    "f1-score": 0.9511240804677958,
    "support": 462
  },
  "weighted avg": {
    "precision": 0.956320315639947,
    "recall": 0.9502164502164502,
    "f1-score": 0.9513067244587116,
    "support": 462
  },
  "micro avg": {
    "precision": 0.9502164502164502,
    "recall": 0.9502164502164502,
    "f1-score": 0.9502164502164502,
    "support": 462
  }
}